Jenis,Pabrik,Harga
Morando Natural,PT Bukit Karya Jatiwangi ,2800
Morando Glazur Transparan,PT Bukit Karya Jatiwangi ,3800
Morando Glazur Brown,PT Bukit Karya Jatiwangi ,3800
Turbo Natural,PT Bukit Karya Jatiwangi ,2500
Turbo Glazur Transparan,PT Bukit Karya Jatiwangi ,3500
Turbo Glazur Brown,PT Bukit Karya Jatiwangi ,3500
Plentong Natural,PT Bukit Karya Jatiwangi ,2000
Plentong Glazur Transparan,PT Bukit Karya Jatiwangi ,3200
Plentong Glazur Brown,PT Bukit Karya Jatiwangi ,3200
Kodok Natural,PT Bukit Karya Jatiwangi ,4500
Kodok Glazur Transparan,PT Bukit Karya Jatiwangi ,6500
Kodok Glazur Brown,PT Bukit Karya Jatiwangi ,6500
Fossano Natural,PT Bukit Karya Jatiwangi ,8000
Fossano Glazur Transparan,PT Bukit Karya Jatiwangi ,10000
Fossano Glazur Brown,PT Bukit Karya Jatiwangi ,10000
Maridional,PT Bukit Karya Jatiwangi ,8000
Maridional Glazur Transparan,PT Bukit Karya Jatiwangi ,10000
Maridional Glazur Brown,PT Bukit Karya Jatiwangi ,10000
Nok Segi Tiga Natural,PT Bukit Karya Jatiwangi ,5000
Nok Segi Tiga Glazur Transparan,PT Bukit Karya Jatiwangi ,10000
Nok Segi Tiga Glazur Brown,PT Bukit Karya Jatiwangi ,10000
Nok Sel Natural,PT Bukit Karya Jatiwangi ,5000
Nok Sel Glazur Transparan,PT Bukit Karya Jatiwangi ,10000
Nok Sel Glazur Brown,PT Bukit Karya Jatiwangi ,10000
Nok Bulat Natural,PT Bukit Karya Jatiwangi ,5000
Nok Bulat Glazur Transparan,PT Bukit Karya Jatiwangi ,10000
Nok Bulat Glazur Brown,PT Bukit Karya Jatiwangi ,10000
Nok Cabang Dua Natural,PT Bukit Karya Jatiwangi ,50000
Nok Cabang Dua Glazur Transparan,PT Bukit Karya Jatiwangi ,70000
Nok Cabang Dua Glazur Brown,PT Bukit Karya Jatiwangi ,70000
Nok Super Natural,PT Bukit Karya Jatiwangi ,5000
Nok Super Glazur Transparan,PT Bukit Karya Jatiwangi ,10000
Nok Super Glazur Brown,PT Bukit Karya Jatiwangi ,10000
Nok Cabang Tiga Natural,PT Bukit Karya Jatiwangi ,50000
Nok Cabang Tiga Glazur Transparan,PT Bukit Karya Jatiwangi ,70000
Nok Cabang Tiga Glazur Brown,PT Bukit Karya Jatiwangi ,70000
Nok Ujung Natural,PT Bukit Karya Jatiwangi ,25000
Nok Ujung Glazur Transparan,PT Bukit Karya Jatiwangi ,35000
Nok Ujung Glazur Brown,PT Bukit Karya Jatiwangi ,35000
Nok Tutup Natural,PT Bukit Karya Jatiwangi ,25000
Nok Tutup Glazur Transparan,PT Bukit Karya Jatiwangi ,35000
Nok Tutup Glazur Brown,PT Bukit Karya Jatiwangi ,35000
Nok Samping Kiri Natural,PT Bukit Karya Jatiwangi ,25000
Nok Samping Kiri Glazur Transparan,PT Bukit Karya Jatiwangi ,35000
Nok Samping Kiri Glazur Brown,PT Bukit Karya Jatiwangi ,35000
Nok Samping Kanan Natural,PT Bukit Karya Jatiwangi ,25000
Nok Samping Kanan Glazur Transparan,PT Bukit Karya Jatiwangi ,35000
Nok Samping Kanan Glazur Brown,PT Bukit Karya Jatiwangi ,35000
Morando Natural,PT Abadi Genteng Jatiwangi,2500
Morando Glazur Transparan,PT Abadi Genteng Jatiwangi,3500
Morando Glazur Brown,PT Abadi Genteng Jatiwangi,3500
Turbo Natural,PT Abadi Genteng Jatiwangi,2000
Turbo Glazur Transparan,PT Abadi Genteng Jatiwangi,3000
Turbo Glazur Brown,PT Abadi Genteng Jatiwangi,3000
Plentong Natural,PT Abadi Genteng Jatiwangi,1800
Plentong Glazur Transparan,PT Abadi Genteng Jatiwangi,3000
Plentong Glazur Brown,PT Abadi Genteng Jatiwangi,3000
Kodok Natural,PT Abadi Genteng Jatiwangi,4000
Kodok Glazur Transparan,PT Abadi Genteng Jatiwangi,5000
Kodok Glazur Brown,PT Abadi Genteng Jatiwangi,5000
Fossano Natural,PT Abadi Genteng Jatiwangi,6700
Fossano Glazur Transparan,PT Abadi Genteng Jatiwangi,9000
Fossano Glazur Brown,PT Abadi Genteng Jatiwangi,9000
Maridional,PT Abadi Genteng Jatiwangi,6700
Maridional Glazur Transparan,PT Abadi Genteng Jatiwangi,9000
Maridional Glazur Brown,PT Abadi Genteng Jatiwangi,9000
Nok Segi Tiga Natural,PT Abadi Genteng Jatiwangi,4000
Nok Segi Tiga Glazur Transparan,PT Abadi Genteng Jatiwangi,8000
Nok Segi Tiga Glazur Brown,PT Abadi Genteng Jatiwangi,8000
Nok Sel Natural,PT Abadi Genteng Jatiwangi,4000
Nok Sel Glazur Transparan,PT Abadi Genteng Jatiwangi,8000
Nok Sel Glazur Brown,PT Abadi Genteng Jatiwangi,8000
Nok Bulat Natural,PT Abadi Genteng Jatiwangi,4000
Nok Bulat Glazur Transparan,PT Abadi Genteng Jatiwangi,8000
Nok Bulat Glazur Brown,PT Abadi Genteng Jatiwangi,8000
Nok Bulat Natural,PT Abadi Genteng Jatiwangi,4000
Nok Bulat Glazur Transparan,PT Abadi Genteng Jatiwangi,8000
Nok Bulat Glazur Brown,PT Abadi Genteng Jatiwangi,8000
Nok Super Natural,PT Abadi Genteng Jatiwangi,4000
Nok Super Glazur Transparan,PT Abadi Genteng Jatiwangi,8000
Nok Super Glazur Brown,PT Abadi Genteng Jatiwangi,8000
Nok Cabang Tiga Natural,PT Abadi Genteng Jatiwangi,40000
Nok Cabang Tiga Glazur Transparan,PT Abadi Genteng Jatiwangi,60000
Nok Cabang Tiga Glazur Brown,PT Abadi Genteng Jatiwangi,60000
Nok Ujung Natural,PT Abadi Genteng Jatiwangi,20000
Nok Ujung Glazur Transparan,PT Abadi Genteng Jatiwangi,30000
Nok Ujung Glazur Brown,PT Abadi Genteng Jatiwangi,30000
Nok Tutup Natural,PT Abadi Genteng Jatiwangi,20000
Nok Tutup Glazur Transparan,PT Abadi Genteng Jatiwangi,30000
Nok Tutup Glazur Brown,PT Abadi Genteng Jatiwangi,30000
Nok Samping Kiri Natural,PT Abadi Genteng Jatiwangi,20000
Nok Samping Kiri Glazur Transparan,PT Abadi Genteng Jatiwangi,30000
Nok Samping Kiri Glazur Brown,PT Abadi Genteng Jatiwangi,30000
Nok Samping Kanan Natural,PT Abadi Genteng Jatiwangi,20000
Nok Samping Kanan Glazur Transparan,PT Abadi Genteng Jatiwangi,30000
Nok Samping Kanan Glazur Brown,PT Abadi Genteng Jatiwangi,30000
Nok Cabang Dua Natural,PT Abadi Genteng Jatiwangi,40000
Nok Cabang Dua Glazur Transparan,PT Abadi Genteng Jatiwangi,60000
Nok Cabang Dua Glazur Brown,PT Abadi Genteng Jatiwangi,60000
Fidesienne Natural,PT Abadi Genteng Jatiwangi,7000
Fidesienne Glazur Transparan,PT Abadi Genteng Jatiwangi,8000
Fidesienne Glazur Brown,PT Abadi Genteng Jatiwangi,8000
Piatto Natural,PT Abadi Genteng Jatiwangi,7000
Piatto Glazur Transparan,PT Abadi Genteng Jatiwangi,8000
Piatto Glazur Brown,PT Abadi Genteng Jatiwangi,8000
Marseilles Natural,PT Abadi Genteng Jatiwangi,8000
Marseilles Glazur Transparan,PT Abadi Genteng Jatiwangi,9000
Marseilles Glazur Brown,PT Abadi Genteng Jatiwangi,9000
Romano 12 Natural,PT Abadi Genteng Jatiwangi,7000
Romano 12 Glazur Transparan,PT Abadi Genteng Jatiwangi,8000
Romano 12 Glazur Brown,PT Abadi Genteng Jatiwangi,8000
Romano Canal Natural,PT Abadi Genteng Jatiwangi,7000
Romano Canal Glazur Transparan,PT Abadi Genteng Jatiwangi,8000
Romano Canal Glazur Brown,PT Abadi Genteng Jatiwangi,8000
Romano Max Natural,PT Abadi Genteng Jatiwangi,7000
Romano Max Glazur Transparan,PT Abadi Genteng Jatiwangi,8000
Romano Max Glazur Brown,PT Abadi Genteng Jatiwangi,8000
Morando Natural,PT Sinarmas Genteng Jatiwangi,2500
Morando Glazur Transparan,PT Sinarmas Genteng Jatiwangi,3600
Morando Glazur Brown,PT Sinarmas Genteng Jatiwangi,3600
Morando Glazur Hijau,PT Sinarmas Genteng Jatiwangi,5500
Morando Glazur Tosca,PT Sinarmas Genteng Jatiwangi,5500
Morando Glazur Kuning,PT Sinarmas Genteng Jatiwangi,5500
Plentong Natural,PT Sinarmas Genteng Jatiwangi,1800
Plentong Glazur Transparan,PT Sinarmas Genteng Jatiwangi,3000
Plentong Glazur Brown,PT Sinarmas Genteng Jatiwangi,3000
Kodok Natural,PT Sinarmas Genteng Jatiwangi,4000
Kodok Glazur Transparan,PT Sinarmas Genteng Jatiwangi,5000
Kodok Glazur Brown,PT Sinarmas Genteng Jatiwangi,5000
Fossano Natural,PT Sinarmas Genteng Jatiwangi,7000
Fossano Glazur Transparan,PT Sinarmas Genteng Jatiwangi,9000
Fossano Glazur Brown,PT Sinarmas Genteng Jatiwangi,9000
Nok Super Natural,PT Sinarmas Genteng Jatiwangi,8000
Nok Super Glazur Transparan,PT Sinarmas Genteng Jatiwangi,10000
Nok Super Glazur Brown,PT Sinarmas Genteng Jatiwangi,10000
Nok Sel Natural,PT Sinarmas Genteng Jatiwangi,4000
Nok Sel Glazur Transparan,PT Sinarmas Genteng Jatiwangi,8000
Nok Sel Glazur Brown,PT Sinarmas Genteng Jatiwangi,8000
Morando Natural,PT Morando 92 Genteng Bata Jatiwangi,2500
Morando Glazur Transparan,PT Morando 92 Genteng Bata Jatiwangi,3650
Morando Glazur Brown,PT Morando 92 Genteng Bata Jatiwangi,3650
Nok Bulat Natural,PT Morando 92 Genteng Bata Jatiwangi,5000
Nok Bulat Glazur Transparan,PT Morando 92 Genteng Bata Jatiwangi,10000
Nok Bulat Glazur Brown,PT Morando 92 Genteng Bata Jatiwangi,10000
Morando Natural,PT Santosa Genteng Keramik Jatiwangi,2800
Morando Glazur Transparan,PT Santosa Genteng Keramik Jatiwangi,3800
Morando Glazur Brown,PT Santosa Genteng Keramik Jatiwangi,3800
Plentong Natural,PT Santosa Genteng Keramik Jatiwangi,2000
Plentong Glazur Transparan,PT Santosa Genteng Keramik Jatiwangi,3200
Plentong Glazur Brown,PT Santosa Genteng Keramik Jatiwangi,3200
Kodok Natural,PT Santosa Genteng Keramik Jatiwangi,4500
Kodok Glazur Transparan,PT Santosa Genteng Keramik Jatiwangi,6000
Kodok Glazur Brown,PT Santosa Genteng Keramik Jatiwangi,6000